name,testimonial,image,rating
Allie,in ante vestibulum ante ipsum,http://dummyimage.com/228x.png/5fa2dd/ffffff,5
Tammara,posuere nonummy integer non velit donec diam neque vestibulum eget vulputate ut ultrices,http://dummyimage.com/223x.png/dddddd/000000,4
Dun,ut nulla sed accumsan felis ut at,http://dummyimage.com/203x.png/dddddd/000000,2
Gearard,ligula sit amet eleifend pede libero,http://dummyimage.com/248x.png/dddddd/000000,3
Dean,lacus at velit vivamus vel nulla eget eros elementum pellentesque quisque porta volutpat erat quisque erat eros viverra eget congue eget semper rutrum nulla nunc purus phasellus in felis donec semper sapien a libero,http://dummyimage.com/211x.png/ff4444/ffffff,3
Chevy,tincidunt ante vel ipsum praesent blandit lacinia erat vestibulum sed magna at nunc commodo placerat praesent blandit nam nulla integer pede justo lacinia eget tincidunt eget tempus vel pede morbi porttitor lorem id ligula suspendisse,http://dummyimage.com/231x.png/5fa2dd/ffffff,5
Sebastien,ante vivamus tortor duis mattis egestas metus aenean fermentum donec ut mauris eget massa tempor convallis nulla neque libero convallis eget eleifend luctus ultricies eu nibh quisque id justo sit amet sapien dignissim vestibulum vestibulum ante ipsum primis in faucibus,http://dummyimage.com/250x.png/ff4444/ffffff,2
Nataniel,justo etiam pretium iaculis justo in hac habitasse platea dictumst etiam faucibus,http://dummyimage.com/218x.png/cc0000/ffffff,3
Fairlie,aliquam sit amet diam in magna bibendum imperdiet nullam orci pede venenatis non sodales sed tincidunt eu felis fusce posuere felis sed lacus morbi sem mauris laoreet ut rhoncus aliquet pulvinar sed nisl,http://dummyimage.com/203x.png/ff4444/ffffff,4
